qid,question,question_type,answer,reasoning,difficulty,chunk_id,doc_id,title,material_class,source_split
OQ0001,"How does collagen type I coating influence the osseointegration of titanium implants in osteopenic conditions, and what implications does this have for implant surface design?",reasoning,"Collagen type I coating enhances bone regeneration and osseointegration of titanium implants in osteopenic rats, suggesting that incorporating bioactive coatings can improve implant integration in compromised bone conditions.","The context mentions that collagen type I coating stimulates bone regeneration and osteointegration in osteopenic rats, implying that surface biofunctionalization can be strategically used to enhance implant outcomes in weakened bone environments.",medium,D5_C079,D5,Titanium Dental Implants An Overview of Applied Nanobiotechnology to Improve Biocompatibility and Prevent Infections,metal,seen
OQ0002,What specific molecular signaling pathways are modulated by tuning the surface properties of bone biomaterials to enhance early osteoblastic adhesion and osseointegration?,unanswerable,The specific molecular signaling pathways modulated by tuning surface properties are not detailed in the provided context.,"While the context mentions manipulation of osteoblastic cell adhesion and signaling pathways via surface property tuning, it does not specify which molecular pathways are involved, making this information unavailable.",hard,D5_C079,D5,Titanium Dental Implants An Overview of Applied Nanobiotechnology to Improve Biocompatibility and Prevent Infections,metal,seen
OQ0089,How might cisplatin-based chemotherapy influence the mechanical stability and histological integration of dental implants compared to standard cases without chemotherapy?,reasoning,"Cisplatin-based chemotherapy negatively affects osseointegration by impairing bone remodeling, leading to reduced mechanical stability and poorer histological integration of dental implants.","The context reports an in vivo mechanical and histometrical study showing the influence of cisplatin-based chemotherapy on implant osseointegration, indicating chemotherapy disrupts normal bone healing and integration processes.",medium,D5_C067,D5,Titanium Dental Implants An Overview of Applied Nanobiotechnology to Improve Biocompatibility and Prevent Infections,metal,seen
OQ0090,Does the context provide specific evidence on whether women have a higher risk of iatrogenic inferior alveolar nerve injury during dental implant surgery compared to men?,unanswerable,"No, the context mentions a study questioning women's susceptibility but does not provide conclusive evidence or results regarding comparative risk between genders.","While the cited study addresses gender susceptibility to nerve injury, the context lacks detailed findings or data to confirm any difference in risk.",easy,D5_C067,D5,Titanium Dental Implants An Overview of Applied Nanobiotechnology to Improve Biocompatibility and Prevent Infections,metal,seen
OQ0147,How do clinical risk factors identified in retrospective studies influence the failure rates of zirconia-based dental restorations over extended periods?,reasoning,"Clinical risk factors such as mechanical stress, occlusal overload, and material flaws identified in retrospective studies contribute significantly to failure rates of zirconia-based restorations over periods up to 9 years by promoting fractures and degradation.","The context references a 9-year retrospective study analyzing failure causes in zirconia restorations, linking clinical risk factors to failures; understanding these factors requires integrating clinical outcomes and material behavior over time.",medium,D5_C065,D5,Titanium Dental Implants An Overview of Applied Nanobiotechnology to Improve Biocompatibility and Prevent Infections,metal,seen
OQ0148,What are the comparative long-term success outcomes between mini implant-retained complete overdentures and zirconia screw-retained implant-supported prostheses based on the studies cited?,unanswerable,The context does not provide direct comparative data or outcomes between mini implant-retained overdentures and zirconia screw-retained implant-supported prostheses.,"While the context mentions systematic reviews and retrospective studies on both mini implants for overdentures and zirconia screw-retained prostheses separately, it lacks any comparative analysis or direct outcome comparison between these two implant types.",hard,D5_C065,D5,Titanium Dental Implants An Overview of Applied Nanobiotechnology to Improve Biocompatibility and Prevent Infections,metal,seen

OQ0059,How does the use of tree leaves as filler in the biomaterial recipe influence its biodegradability and physical shrinkage compared to sawdust and orange peel fillers?,comparison,The tree leaf-based biomaterial exhibits higher shrinkage than the other recipes and has biodegradability and density properties intermediate between sawdust and orange peel fillers.,"The context indicates that among three recipes, the one using tree leaves has the highest shrinkage but falls between sawdust and orange peel in terms of density, dissolvability, and biodegradability, requiring comparison of these properties.",medium,D13_C030,D13,Biomaterial Recipes for 3D Printing A Cookbook of Sustainable and Extrudable Bio Pastes,polymer|composite,unseen
OQ0060,What is the impact of varying the decay time of tree leaves on the color and performance characteristics of the resulting biomaterial?,unanswerable,The context does not provide specific information on how varying the decay time of tree leaves affects the color or performance characteristics of the biomaterial.,"While the context mentions that the type of tree leaf and decay time impact the recipe, no data or description is given about the effects of decay time on color or performance metrics, making the question unanswerable.",hard,D13_C030,D13,Biomaterial Recipes for 3D Printing A Cookbook of Sustainable and Extrudable Bio Pastes,polymer|composite,unseen
OQ0133,How does the integration of a custom heater system around the nozzle influence the printability and drying process of biomaterials in extrusion-based 3D printing?,reasoning,"The custom heater partially dries the biomaterial as it is extruded, improving layer stability and preventing deformation during printing, thereby enhancing printability.","The context describes a custom heater fitted around the nozzle that partially dries the extruded biomaterial, which implies it controls drying rate to maintain the shape and flow properties needed for successful printing.",medium,D13_C012,D13,Biomaterial Recipes for 3D Printing A Cookbook of Sustainable and Extrudable Bio Pastes,polymer|composite,unseen
OQ0134,"What specific rheological properties must be optimized to ensure that biomaterials can flow properly through the Eazao Zero extruder during 3D printing, and how are these properties related to the material's deformation under force?",unanswerable,The context does not specify which rheological properties are optimized or how they relate quantitatively to deformation under force for the Eazao Zero extruder.,"While the context mentions that rheology is critical and that it relates to flow and deformation under applied force, it does not detail which specific properties (e.g., viscosity, yield stress) are optimized or their relationship to extrusion performance.",hard,D13_C012,D13,Biomaterial Recipes for 3D Printing A Cookbook of Sustainable and Extrudable Bio Pastes,polymer|composite,unseen
OQ0149,"How do printability, usability, and sustainability collectively influence the development of biomaterial recipes for paste extrusion 3D printing, and why must these qualities be balanced?",reasoning,Printability ensures the material can be effectively extruded and shaped; usability relates to ease of handling and processing; sustainability addresses environmental impact. Balancing these ensures the biomaterial is functional for 3D printing while being environmentally responsible and practical to use.,"The context highlights these three qualities as key goals in biomaterial recipe development, implying their combined consideration is essential for successful and responsible fabrication.",medium,D13_C002,D13,Biomaterial Recipes for 3D Printing A Cookbook of Sustainable and Extrudable Bio Pastes,polymer|composite,unseen
OQ0150,"What specific properties or modifications enable sawdust, orange peels, and tree leaves to serve as effective biomaterial ingredients in paste extrusion 3D printing, and how do these compare in terms of sustainability and printability?",unanswerable,"The context does not provide detailed properties, modifications, or comparative analysis of sawdust, orange peels, and tree leaves regarding their printability or sustainability.","While the context mentions these materials as examples, it lacks specific information on their properties or how they compare, making the question unanswerable from the provided text.",hard,D13_C002,D13,Biomaterial Recipes for 3D Printing A Cookbook of Sustainable and Extrudable Bio Pastes,polymer|composite,unseen
OQ0161,"How do methylcellulose and xanthan gum synergistically contribute to the shear-thinning behavior of the biomaterial paste, considering their different biological origins?",reasoning,"Methylcellulose, derived from plant cellulose, provides a polymeric network that swells in water, while xanthan gum, from fermented sugar, imparts viscosity and stabilizes the network; together, they create a cohesive paste exhibiting shear-thinning by aligning and disentangling polymer chains under shear.","The context mentions methylcellulose and xanthan gum as bio-based binders from distinct sources forming a cohesive paste with shear-thinning flow, implying their combined molecular interactions under shear influence rheological behavior.",hard,D13_C020,D13,Biomaterial Recipes for 3D Printing A Cookbook of Sustainable and Extrudable Bio Pastes,polymer|composite,unseen
OQ0162,Can adding vinegar as a liquid ingredient in the biomaterial paste formulation enhance its mechanical strength and printability?,unanswerable,The context only states vinegar was used as a preservative and does not provide information on its effects on mechanical strength or printability.,"While vinegar is mentioned as a liquid ingredient for preservation, the context lacks data or discussion regarding its impact on mechanical or printing properties, making the question unanswerable from the given information.",medium,D13_C020,D13,Biomaterial Recipes for 3D Printing A Cookbook of Sustainable and Extrudable Bio Pastes,polymer|composite,unseen
