qid,question,question_type,material_class,source_split,source_doc,difficulty,gold_answer,gold_reasoning,baseline_answer,rag_answer,retrieved_chunk_ids,supporting_chunk_id
OQ0001,"How does collagen type I coating influence the osseointegration of titanium implants in osteopenic conditions, and what implications does this have for implant surface design?",reasoning,metal,seen,D5,medium,"Collagen type I coating enhances bone regeneration and osseointegration of titanium implants in osteopenic rats, suggesting that incorporating bioactive coatings can improve implant integration in compromised bone conditions.","The context mentions that collagen type I coating stimulates bone regeneration and osteointegration in osteopenic rats, implying that surface biofunctionalization can be strategically used to enhance implant outcomes in weakened bone environments.","Collagen type I coating enhances the osseointegration of titanium implants in osteopenic conditions by promoting cell adhesion, proliferation, and differentiation of osteoblasts, which are typically impaired in such bone-deficient environments. This suggests that implant surface design incorporating bioactive coatings like collagen type I can improve bone-implant integration and stability, especially in compromised bone quality. Therefore, surface modification with extracellular matrix proteins is a promising strategy to optimize implant performance in osteopenic patients.","Collagen type I coating on titanium implants stimulates bone regeneration and enhances osseointegration in osteopenic conditions by promoting osteoblast differentiation and matrix mineralization, as well as inducing fibroblast proliferation and ECM remodeling. This suggests that implant surface design incorporating type I collagen can improve biological sealing and accelerate implant integration in compromised bone. Therefore, functionalizing titanium surfaces with collagen type I is beneficial for enhancing implant stability and bone healing in osteopenic patients.",D5_C080;D5_C079;D5_C046;D5_C043,D5_C079
OQ0002,What specific molecular signaling pathways are modulated by tuning the surface properties of bone biomaterials to enhance early osteoblastic adhesion and osseointegration?,unanswerable,metal,seen,D5,hard,The specific molecular signaling pathways modulated by tuning surface properties are not detailed in the provided context.,"While the context mentions manipulation of osteoblastic cell adhesion and signaling pathways via surface property tuning, it does not specify which molecular pathways are involved, making this information unavailable.",Unknown,Unknown,D5_C080;D5_C079;D5_C083;D5_C006,D5_C079
OQ0003,How do the structural characteristics and size ranges of different vesicle types influence their potential application as nano-drug carriers in food industry formulations?,reasoning,polymer|composite,unseen,D12,hard,"Vesicle types differ in size and lamellarity, with multilamellar vesicles (>100 nm) having multiple bilayers, oligolamellar vesicles (0.1–1 µm) having fewer layers, and multivesicular vesicles (>1 µm) possessing multiple compartments; these structural differences affect encapsulation efficiency, release profiles, and stability, thereby influencing their suitability as nano-drug carriers in food formulations.","The context provides size ranges and structural descriptions of vesicle types, implying that multilamellarity and compartmentalization relate to encapsulation capacity and release properties crucial for drug delivery; understanding these relationships requires integrating vesicle structural data with application needs in food nano-drug delivery.","The structural characteristics and size ranges of vesicles determine their stability, encapsulation efficiency, and release profiles, which are critical for protecting bioactive compounds and controlling their delivery in food formulations. Smaller vesicles, like liposomes, offer better cellular uptake and bioavailability, while larger vesicles may provide prolonged release and enhanced protection. Thus, selecting vesicle type and size tailors the carrier's functionality to specific food industry applications.","The structural characteristics and size ranges of vesicles influence their application as nano-drug carriers by determining their encapsulation capacity, stability, and release properties. Small unilamellar vesicles (20–100 nm) and large unilamellar vesicles (>100 nm) with a single bilayer are suitable for delivering smaller payloads, while multilamellar vesicles (>0.5 μm) with multiple bilayers and multivesicular vesicles (>1 μm) with multicompartmental structures can encapsulate larger or multiple bioactive compounds, enhancing protection and controlled release in food formulations. Thus, vesicle size and bilayer number tailor the carrier's ability to stabilize, protect, and target bioactive compounds in food industry applications.",D12_C380;D12_C381;D12_C379;D12_C377,D12_C381
OQ0004,Does the provided context specify the synthesis methods used for producing curcumin-zein nanoparticles and their comparative advantages over pure curcumin nanoparticles in enhancing water solubility?,unanswerable,polymer|composite,unseen,D12,medium,"No, the context does not provide details on the synthesis methods for curcumin-zein nanoparticles nor does it compare their effectiveness in enhancing water solubility relative to pure curcumin nanoparticles.","While the context mentions curcumin nanoparticles and curcumin-zein nanoparticles as categories, it lacks specific information about their synthesis or comparative performance in solubility enhancement, making the question unanswerable from the provided text.",Unknown,"The context specifies that curcumin-zein nanoparticles were prepared by solubilizing the blend in ethanol/water (Patel et al. 2010) and mentions other methods such as oil-in-water nano-emulsions and micro-fluidization. However, it does not explicitly compare the advantages of curcumin-zein nanoparticles over pure curcumin nanoparticles in enhancing water solubility.",D12_C384;D12_C383;D12_C382;D12_C449,D12_C381
OQ0005,How do chemical reducing agents interfere differently with the MTT assay compared to the XTT and WST-1 assays in cytotoxicity evaluation?,reasoning,polymer|composite,unseen,D12,medium,"Chemical reducing agents non-enzymatically reduce MTT to formazan, causing interference and artifacts in the MTT assay, whereas the context does not indicate such interference in XTT and WST-1 assays, which are described as more sensitive and reliable.","The context highlights that many chemical substances, especially reducing agents, hinder the MTT assay by non-enzymatic reduction, while XTT and WST-1 assays are noted as sensitive and reproducible without mentioning similar interference, implying differing susceptibilities.","Chemical reducing agents can directly reduce MTT to formazan, leading to false-positive results independent of cellular metabolic activity, whereas XTT and WST-1 assays produce water-soluble formazans and are less prone to direct chemical reduction interference. Thus, MTT is more susceptible to artifacts from chemical reducers, while XTT and WST-1 provide more reliable cytotoxicity measurements in their presence.","Chemical reducing agents interfere with the MTT assay by non-enzymatically reducing MTT to formazan, causing assay artifacts and background absorbance. In contrast, the XTT and WST-1 assays are less prone to such interference because XTT is water-soluble and the WST-1 assay is noted for increased stability and sensitivity, reducing the impact of chemical substances on the assay outcome.",D12_C880;D12_C855;D12_C859;D12_C856,D12_C880
OQ0006,Does the context provide information on how varying incubation times affect the sensitivity of the WST-1 assay in cytotoxicity testing?,unanswerable,polymer|composite,unseen,D12,easy,"No, the context states that it is currently unknown how testing agents influence the WST-1 assay at various time periods, so it does not provide information on the effect of varying incubation times on sensitivity.","The context explicitly mentions the lack of knowledge regarding the influence of testing agents at different incubation times on the WST-1 assay, indicating that this information is not available.",Unknown,"The context states that the WST-1 assay requires a 2-hour incubation period as normal, but it is currently unknown if the influence of testing agents at various time periods on relative cell viability can be captured by a single addition of WST-1. Therefore, the effect of varying incubation times on WST-1 assay sensitivity is not provided.",D12_C858;D12_C880;D12_C881;D12_C833,D12_C880
OQ0007,How do the properties of PLA bottles influence their suitability for food packaging compared to other bioplastics mentioned?,comparison,polymer,unseen,D2,medium,"PLA bottles offer transparency and gloss, making them suitable for packaging fresh foods, while other bioplastics like starch blends or PBAT may have different mechanical or barrier properties affecting their packaging applications.","The context highlights PLA's specific qualities such as transparency and gloss, which are important for food packaging aesthetics and product visibility, implying different bioplastics have varied properties influencing their use.","PLA bottles offer good transparency and biodegradability, making them suitable for food packaging; however, their lower thermal resistance and moisture barrier properties compared to some other bioplastics may limit their use for certain food products requiring higher durability or longer shelf life.","PLA bottles have mechanical and thermal properties comparable to PET, making them suitable for food packaging; however, PLA's brittleness, low toughness, moderate barrier properties, and low thermal stability limit its use compared to other bioplastics. PLA exhibits greater permeability to moisture and oxygen than polymers like PP, PE, PET, and PS, which hinders its application where content sensitivity is critical. Modifications and reinforcements are often required to improve PLA's toughness and barrier performance for packaging uses.",D2_C036;D2_C037;D2_C712;D2_C599,D2_C748
OQ0008,Does the context provide information on the biodegradability rates of the bioplastics used in packaging applications?,unanswerable,polymer,unseen,D2,easy,"No, the context does not provide any data or discussion regarding the biodegradability rates of bioplastics used in packaging.","The provided text focuses on market share, types of bioplastics used, and their applications, but it lacks any mention of biodegradability characteristics or comparative degradation rates.",Unknown,"The context does not provide specific information on the biodegradability rates of bioplastics used in packaging applications. It mentions factors influencing biodegradation and environmental conditions affecting rates, but no explicit rates are given. Therefore, the answer is Unknown.",D2_C144;D2_C226;D2_C397;D2_C466,D2_C748
OQ0009,How do the chemical bonding differences between thermosetting plastics and thermoplastics influence their recyclability and typical applications?,reasoning,polymer,unseen,D2,medium,"Thermosetting plastics form irreversible covalent cross-links upon heating, making them stable and non-recyclable, which suits them for adhesives and insulators; thermoplastics lack new chemical bonds when heated, allowing reshaping and recycling, making them preferable for packaging applications.","The context explains that thermosets create covalent bonds that are irreversible, leading to stable but non-decomposable materials used in adhesives and insulators, whereas thermoplastics can be melted and reshaped due to the absence of new chemical bonds, favoring their use in recyclable packaging.","Thermosetting plastics form irreversible covalent crosslinks during curing, making them rigid and insoluble, which hinders recycling by remelting and limits their use in high-strength, heat-resistant applications. In contrast, thermoplastics consist of linear or branched polymers with weaker intermolecular forces, allowing them to be remelted and reshaped, enhancing recyclability and suitability for applications requiring flexibility and ease of processing.","Thermosetting plastics form new and irreversible covalent cross-linking bonds upon heating, creating a stable 3D matrix that makes them difficult to recycle and suitable for applications like adhesives and insulators. In contrast, thermoplastics do not form new chemical bonds upon heating, allowing them to be melted, reshaped, and recycled easily, which makes them ideal for packaging and consumer goods. Thus, the chemical bonding differences directly influence thermosets' recyclability challenges and thermoplastics' versatility in typical applications.",D2_C940;D2_C245;D2_C244;D2_C939,D2_C244
OQ0010,Does the context provide detailed toxicological mechanisms by which micro- and nanoplastics (MNPs) affect human health upon exposure?,unanswerable,polymer,unseen,D2,medium,"No, the context mentions health-related toxicities of micro- and nanoplastics but does not provide detailed toxicological mechanisms.","While the context introduces health-related toxicities associated with MNP exposure, it lacks specific information or mechanisms explaining how these toxicities occur, making the question unanswerable from the given text.",Unknown,"The context describes potential biological responses to micro- and nanoplastics (MNPs) such as inflammation, oxidative stress, genotoxicity, and apoptosis, and mentions adsorption of toxic chemicals and bio-persistence. However, it does not provide detailed toxicological mechanisms by which MNPs affect human health upon exposure.",D2_C275;D2_C300;D2_C280;D2_C279,D2_C244
OQ0011,How do the hydrophilic properties of starch-based films affect their suitability for use in high-moisture environments compared to cellulose-based nanofillers?,comparison,polymer,unseen,D2,medium,"The hydrophilic nature of starch-based films limits their use in high-moisture environments, whereas cellulose-based nanofillers, due to their partly crystalline structure and higher strength and stiffness, can provide better performance and stability in such conditions.","The context highlights starch's hydrophilicity as a drawback for moisture-rich applications while describing cellulose nanofillers as having advantageous crystalline structures and mechanical properties, implying superior suitability for moist environments.","Starch-based films are inherently more hydrophilic, leading to higher water absorption and reduced mechanical stability in high-moisture environments. In contrast, cellulose-based nanofillers can improve water resistance and mechanical properties due to their crystalline structure and lower hydrophilicity. Therefore, cellulose-based nanofillers generally enhance the suitability of films for high-moisture applications compared to pure starch-based films.","The hydrophilic nature of starch-based films limits their suitability for use in high-moisture environments due to low mechanical resistance and water sensitivity. In contrast, cellulose-based nanofillers, such as microcrystalline cellulose, improve the mechanical, thermal, and barrier properties of starch films, enhancing their performance in such conditions. Therefore, cellulose nanofillers make starch-based films more suitable for high-moisture environments compared to pure starch films.",D12_C372;D2_C156;D2_C057;D2_C080,D2_C156
OQ0012,"What specific chemical modifications can be applied to starch nanoparticles to enhance their properties, and how might these modifications influence their integration into biodegradable plastics?",factual,polymer,unseen,D2,easy,"Starch nanoparticles can be modified by esterification, etherification, and oxidation, which can alter their surface chemistry to improve compatibility, dispersion, and mechanical properties when integrated into biodegradable plastics.","The context explicitly lists esterification, etherification, and oxidation as modification methods for starch nanoparticles, suggesting these processes are used to tailor their characteristics for better performance in polymer matrices.","Starch nanoparticles can be chemically modified by acetylation, phosphorylation, or grafting with hydrophobic polymers to improve their compatibility and dispersion within biodegradable plastic matrices. These modifications enhance interfacial adhesion, reduce hydrophilicity, and improve mechanical and barrier properties of the resulting composites. Consequently, such modifications facilitate better integration and performance of starch nanoparticles in biodegradable plastics.","Starch nanoparticles can be chemically modified by esterification, etherification, and oxidation. These modifications can improve their compatibility and integration into biodegradable plastics by reducing hydrophilicity and enhancing mechanical properties, thus addressing limitations such as moisture sensitivity and low mechanical strength.",D2_C156;D2_C157;D2_C219;D2_C563,D2_C156
OQ0013,How might the presence of microplastics influence the reproductive success and offspring dispersal of marine species like Tigriopus japonicus and oysters?,reasoning,polymer,unseen,D2,hard,"Microplastics can stunt development and impair reproduction in species like Tigriopus japonicus, but if organisms lay eggs on plastic debris that does not biodegrade, offspring dispersal may increase by migrating to safer locations.","The context links microplastic exposure to developmental stunting in Tigriopus japonicus and suggests that plastic debris could serve as egg-laying substrates, facilitating offspring migration due to plastic's non-biodegradability.","The presence of microplastics can reduce the reproductive success of marine species like Tigriopus japonicus and oysters by causing physical stress, toxicity, or interference with gamete function. Additionally, microplastics may alter offspring dispersal by affecting larval development or behavior, potentially reducing survival and settlement efficiency.","The presence of microplastics stunts the development of Tigriopus japonicus across generations and negatively affects oyster fertility by reducing egg production, oocyte size, sperm velocity, and slowing larval development. Additionally, if marine species lay eggs on microplastics, offspring dispersal might expand as plastic debris does not biodegrade, potentially allowing migration to safer locations. However, microplastics and associated pollutants can impair reproductive organ development and reduce reproductive success.",D2_C969;D2_C968;D2_C1018;D2_C970,D2_C969
OQ0014,Does the context provide detailed mechanistic explanations of how specific additives in paint chip microplastics affect the reproductive organ abnormalities observed in aquatic snails?,unanswerable,polymer,unseen,D2,medium,"No, the context mentions that additives in paint chips affect reproduction and that pollutants may contribute to abnormalities, but it does not detail the mechanisms by which these additives cause reproductive organ abnormalities.","While the context lists polymeric components and pollutants linked to reproductive issues, it lacks specific mechanistic insights on how these additives induce necrotic oocytes or atypical spermatozoa.",Unknown,The context does not provide detailed mechanistic explanations of how specific additives in paint chip microplastics affect reproductive organ abnormalities in aquatic snails. It only mentions that additives affect reproduction and that other pollutants may be responsible for abnormalities.,D2_C969;D2_C314;D2_C334;D2_C970,D2_C969
OQ0015,How does the incorporation of ε-Poly-L-lysine (EPL) on the surface of 3D printed HA/PCL scaffolds influence their antibacterial efficacy and biocompatibility compared to unmodified HA/PCL scaffolds?,reasoning,composite,unseen,D10,medium,"Surface modification with EPL enhances antibacterial efficacy against E.coli to 92.42% without negatively affecting cell adhesion, proliferation, differentiation, or biocompatibility compared to unmodified HA/PCL scaffolds.","The context states that EPL-modified HA/PCL scaffolds show significant antibacterial activity while maintaining biocompatibility and cellular functions, indicating EPL’s role in improving antibacterial properties without compromising scaffold biocompatibility.","The incorporation of ε-Poly-L-lysine (EPL) on 3D printed HA/PCL scaffolds enhances their antibacterial efficacy by providing a broad-spectrum antimicrobial surface, reducing bacterial adhesion and growth. Additionally, EPL modification generally maintains or improves biocompatibility by promoting cell attachment and proliferation without inducing significant cytotoxicity compared to unmodified HA/PCL scaffolds.","The incorporation of ε-Poly-L-lysine (EPL) on the surface of 3D printed HA/PCL scaffolds imparts significant antibacterial efficacy, showing 92.42% antibacterial activity against E. coli, unlike unmodified HA/PCL scaffolds which lack antibacterial properties. Additionally, EPL surface modification does not adversely affect cell adhesion, proliferation, differentiation potential, or biocompatibility of the scaffolds.",D10_C072;D10_C071;D10_C140;D10_C070,D10_C072
OQ0016,What are the comparative antimicrobial mechanisms and potential clinical advantages of using ε-Poly-L-lysine (EPL) versus gentamicin in HA/PCL composite scaffolds?,unanswerable,composite,unseen,D10,hard,The context does not provide details on the specific antimicrobial mechanisms of EPL and gentamicin or a direct comparison of their clinical advantages in HA/PCL composites.,"While the context mentions that EPL and gentamicin are used for antibacterial purposes in HA/PCL scaffolds, it lacks information on their mechanisms of action or comparative clinical benefits, making this question unanswerable from the provided text.",Unknown,"The context indicates that ε-Poly-L-lysine (EPL) provides broad-spectrum antimicrobial activity and can be used to modify HA/PCL scaffolds to achieve high antibacterial efficacy (92.42% inhibition against E. coli) without affecting biocompatibility or cell functions. Gentamicin, an antibiotic drug, is incorporated into PCL/HA composites to confer antimicrobial properties, with observed increases in surface area and pore volume, but its specific antimicrobial mechanisms and clinical advantages compared to EPL are not detailed. Therefore, a direct comparison of antimicrobial mechanisms and potential clinical advantages between EPL and gentamicin in HA/PCL scaffolds is not explicitly provided.",D10_C072;D10_C073;D10_C071;D10_C102,D10_C072
OQ0017,How do the modifications of polyhydroxyalkanoates enhance their suitability for both industrial and medical applications compared to unmodified forms?,reasoning,polymer,unseen,D2,medium,"Modifications diversify polyhydroxyalkanoates, improving properties like biodegradability and mechanical strength, thereby broadening their applicability in industrial and medical fields beyond what unmodified forms offer.","The context notes that modification reactions increase diversification of polyhydroxyalkanoates, implying enhanced or tailored properties suitable for varied applications, which requires connecting the role of modifications to functional improvements.","Modifications of polyhydroxyalkanoates (PHAs) improve their mechanical properties, degradation rates, and biocompatibility, making them more versatile for specific industrial and medical uses. These enhancements allow tailored performance such as increased strength for packaging or controlled biodegradation for tissue engineering. Consequently, modified PHAs can better meet the diverse requirements of different applications than unmodified forms.","Modifications of polyhydroxyalkanoates (PHAs) enhance their suitability by enabling the synthesis of diverse PHA structures and composites, which improve properties such as thermal stability and hydrophilicity. These modifications, including blending, grafting, copolymerization, and incorporation of nanomaterials, maintain or enhance biocompatibility and biodegradability, making PHAs more effective for industrial and medical applications like implants, wound dressings, and drug delivery systems. Synthetic biology and post-production chemical modifications allow tailoring of PHAs to specific functional requirements, thus broadening their application scope.",D2_C399;D2_C089;D2_C051;D2_C075,D2_C083
OQ0018,"What are the flame retardant mechanisms employed in biodegradable polymer nanocomposites used for 3D printing, and how do these mechanisms affect the materials' degradation behavior?",unanswerable,polymer,unseen,D2,hard,The context does not provide specific mechanisms of flame retardancy or their impact on degradation behavior in biodegradable polymer nanocomposites used for 3D printing.,"While the context mentions engineering flame retardant biodegradable polymer nanocomposites for 3D printing, it lacks detailed explanation of the flame retardant mechanisms or their influence on degradation, making the question unanswerable from the provided information.","Flame retardant mechanisms in biodegradable polymer nanocomposites for 3D printing typically involve char formation, radical trapping, and thermal barrier effects provided by nanofillers. These mechanisms can influence degradation behavior by potentially altering the polymer matrix's thermal stability and hydrolytic degradation rates. However, the specific effects depend on the type of nanofillers and polymer used.",Unknown,D2_C083;D2_C889;D2_C669;D2_C242,D2_C083
OQ0019,"How do synthetic polymers enhance the mechanical properties of natural polymers in hybrid biomaterial scaffolds, and what role do compatibilisers play in PLA/starch blends?",reasoning,polymer|composite,unseen,D12,medium,"Synthetic polymers provide mechanical strength to natural polymers that mimic ECM features, improving scaffold performance; compatibilisers like maleic anhydride are used in PLA/starch blends to improve miscibility and prevent phase separation caused by the hydrophobic-hydrophilic mismatch.","The context explains that synthetic polymers contribute mechanical capabilities while natural polymers offer ECM-like properties, and that PLA/starch blends suffer phase separation without compatibilisers, which are used to enhance polymer miscibility.","Synthetic polymers enhance the mechanical properties of natural polymers in hybrid biomaterial scaffolds by providing improved strength, flexibility, and durability, compensating for the natural polymers' inherent weaknesses. Compatibilisers in PLA/starch blends improve interfacial adhesion between the hydrophobic PLA and hydrophilic starch phases, leading to better dispersion, reduced phase separation, and enhanced overall mechanical performance.","Synthetic polymers enhance the mechanical properties of natural polymers in hybrid biomaterial scaffolds by providing mechanical capabilities while the natural polymers offer ECM-like features. Compatibilisers in PLA/starch blends, such as maleic anhydride (MA), methylene diphenyl diiscyanate (MDI), and PEG, increase the miscibility of the hydrophobic PLA and hydrophilic starch, thereby improving mechanical characteristics like impact energy and elastic modulus.",D12_C301;D12_C300;D2_C712;D2_C044,D12_C300
OQ0020,"What specific electrospinning parameters are used to fabricate nanofibrous hyaluronic acid/collagen hybrid scaffolds, and how do these parameters influence scaffold properties?",unanswerable,polymer|composite,unseen,D12,hard,The context does not provide details on the electrospinning parameters or their influence on scaffold properties for hyaluronic acid/collagen hybrids.,"Although electrospinning of hyaluronic acid/collagen scaffolds is mentioned, the context lacks any information on the specific parameters or their effects, making the question unanswerable.",Unknown,Unknown,D12_C299;D10_C031;D12_C311;D10_C032,D12_C300
OQ0021,How do polymer composites containing phosphate glass fiber (PGF) compare to PLAGA/calcium phosphate composite microspheres in terms of their role and effectiveness in bone repair?,comparison,polymer|composite,unseen,D12,medium,"Polymer composites with PGF exhibit good biological and mechanical properties for bone fracture repair, while PLAGA/calcium phosphate composite microspheres activate calcium phosphate reprecipitation in the bone/implant system, promoting mineralization.","The context describes PGF composites as having favorable biological and mechanical characteristics, whereas PLAGA/calcium phosphate composites function by activating a mineralization process, indicating different mechanisms and roles in bone repair.","Polymer composites containing phosphate glass fiber (PGF) provide enhanced mechanical strength and controlled degradation, supporting load-bearing bone repair, whereas PLAGA/calcium phosphate composite microspheres primarily serve as osteoconductive scaffolds promoting bone regeneration. PGF composites are more suitable for structural applications, while PLAGA/calcium phosphate microspheres are effective for filling bone defects and facilitating cellular infiltration.","Polymer composites containing phosphate glass fiber (PGF) are used for repairing bone fractures and exhibit good biological and mechanical characteristics. In contrast, PLAGA/calcium phosphate composite microspheres activate the calcium phosphate reprecipitation process in the bone/implant system, aiding bone repair through enhanced mineralization. Thus, PGF composites primarily provide mechanical support and biological compatibility, while PLAGA/calcium phosphate microspheres promote bone mineralization.",D12_C322;D12_C963;D12_C527;D10_C007,D12_C322
OQ0022,"What are the specific modifications and components in bone plates used to heal lengthy bone damage, and how do these modifications impact their biomedical performance?",factual,polymer|composite,unseen,D12,easy,"Bone plates contain unidirectional bio-glass fibers combined with PLA composites that have been air plasma-treated, enhancing their suitability for healing lengthy bone damage by improving surface properties and possibly biocompatibility.","The context mentions that bone plates with unidirectional bio-glass fibers and air plasma-treated PLA composites are employed for lengthy bone damage, implying that the plasma treatment modifies the composite's surface for better performance.","Bone plates for lengthy bone damage often incorporate materials like titanium or stainless steel for strength and biocompatibility, and may include surface modifications such as hydroxyapatite coating to enhance osseointegration. They are designed with features like locking screw holes and variable geometry to provide stable fixation and accommodate bone healing dynamics. These modifications improve mechanical stability, promote bone growth, and reduce the risk of implant-related complications.","Bone plates used to heal lengthy bone damage contain unidirectional bio-glass fibres and PLA composites that have been air plasma-treated. These modifications enhance their biological and mechanical characteristics, improving their biomedical performance in bone repair.",D12_C322;D10_C091;D8_C009;D8_C004,D12_C322
OQ0023,How might the enzymatic degradation mechanism of aromatic polyesterases be leveraged to improve the recycling of polyvinyl alcohol-based nanocomposites compared to traditional pyrolysis methods?,reasoning,polymer,unseen,D2,hard,"Aromatic polyesterases can specifically target and degrade polyester bonds under mild conditions, potentially enabling selective breakdown of composite components; this enzymatic approach could offer a more efficient and less energy-intensive alternative to pyrolysis, which thermally decomposes plastics but may not preserve polymer integrity or enable selective recovery.",The context references characterization of a plastic-degrading aromatic polyesterase and reviews on pyrolysis of plastic wastes and polyvinyl alcohol nanocomposites; synthesizing these indicates enzymatic degradation offers specificity and milder conditions compared to pyrolysis's high-temperature breakdown.,"The enzymatic degradation by aromatic polyesterases can selectively break down polymer chains under mild conditions, preserving the integrity of nanocomposite components and reducing energy consumption compared to pyrolysis. This targeted biodegradation enables more efficient recovery and reuse of both the polymer matrix and embedded nanomaterials. Consequently, it offers a greener and potentially less damaging alternative to high-temperature pyrolysis for recycling polyvinyl alcohol-based nanocomposites.","The enzymatic degradation mechanism of aromatic polyesterases, such as PETase, can selectively depolymerise aromatic polyesters like PET into monomers under mild conditions, enabling recovery of high-quality monomers for repolymerisation. This biological approach can be leveraged to improve recycling of polyvinyl alcohol-based nanocomposites by enabling targeted cleavage of ester linkages at ambient or moderate temperatures, avoiding the high energy input and non-selective breakdown associated with traditional pyrolysis methods. Thus, enzymatic degradation offers a more efficient and sustainable recycling route by preserving monomer integrity and reducing energy consumption.",D1_C152;D2_C814;D2_C808;D2_C810,D2_C826
OQ0024,Does the provided context specify the influence of black carbon emissions on the degradation rates of polyvinyl alcohol-based biomaterials?,unanswerable,polymer,unseen,D2,medium,"No, the context does not provide information on how black carbon emissions affect the degradation rates of polyvinyl alcohol-based biomaterials.","While the context mentions black carbon emissions in relation to climate change and separately discusses polyvinyl alcohol nanocomposites and plastic degradation, it does not link black carbon emissions to the degradation behavior of these biomaterials.",Unknown,Unknown,D2_C826;D2_C700;D2_C188;D2_C183,D2_C826
OQ0025,How do the challenges posed by intermediate timescale processes and structural disorder affect the precision of NMR characterization in biopolymer systems?,reasoning,polymer|composite,unseen,D12,medium,"Intermediate timescale processes, structural disorder, and dynamic heterogeneity complicate NMR analysis by overlapping signals and broadening peaks, reducing the precision of structural and dynamic characterization in biopolymers.","The context mentions that NMR characterization is challenging due to multiple processes occurring at various timescales, especially intermediate timescales, and the presence of structural disorder and dynamic heterogeneity, all of which hinder precise NMR analysis.","Intermediate timescale processes and structural disorder in biopolymer systems cause broadening and overlapping of NMR signals, reducing spectral resolution and complicating peak assignment. These factors hinder the ability to distinguish distinct molecular environments, thereby limiting the precision of structural and dynamic characterization. Consequently, interpreting NMR data requires advanced techniques and careful analysis to account for these complexities.","The challenges posed by intermediate timescale processes and structural disorder complicate NMR characterization by introducing dynamic heterogeneity and multiple coexisting processes, making precise structural and dynamic analysis of biopolymer systems difficult. This complexity reduces the precision of NMR in accurately resolving polymer behavior.",D12_C196;D12_C197;D1_C056;D12_C200,D12_C196
OQ0026,What comparative advantages does NMR offer over FTIR spectroscopy in analyzing the structural and dynamic properties of biopolymers?,unanswerable,polymer|composite,unseen,D12,hard,The context does not provide a direct comparison of the advantages of NMR over FTIR spectroscopy regarding biopolymer analysis.,"While both NMR and FTIR are mentioned as analytical tools for biopolymers, the context only details the capabilities and challenges of NMR and briefly states FTIR is used for identifying functional and structural properties, lacking any explicit comparative evaluation.","NMR spectroscopy provides detailed information on the molecular structure, dynamics, and interactions of biopolymers in solution, allowing for the observation of atomic-level environments and conformational changes. In contrast, FTIR primarily offers information on functional groups and secondary structure through vibrational modes but lacks detailed dynamic and spatial resolution. Therefore, NMR is more suited for studying molecular dynamics and detailed structural elucidation, while FTIR is advantageous for rapid identification of chemical bonds and secondary structures.","NMR provides detailed and impartial information on the structural and dynamic properties of polymers, including isotropic chemical shifts and polymer behaviour across various timescales. FTIR identifies functional and structural properties, molecular fragments, and fibre structure but does not explicitly provide dynamic information. Therefore, NMR offers unique insights into polymer dynamics and composition that FTIR does not.",D12_C197;D12_C196;D2_C959;D2_C960,D12_C196
OQ0027,How does the integration of microfibrillated cellulose with hydroxyapatite contribute to the development of eco-friendly mechanical materials for bone tissue engineering compared to traditional synthetic composites?,reasoning,ceramic,unseen,D8,hard,"The hybridization of microfibrillated cellulose with hydroxyapatite provides a sustainable route to mechanical materials by combining the biocompatibility and reinforcement properties of both components, potentially enhancing mechanical performance while reducing environmental impact compared to synthetic composites.","The context describes a one-pot hybridization method of microfibrillated cellulose and hydroxyapatite yielding eco-friendly mechanical materials, implying benefits in sustainability and material properties relevant to bone tissue engineering.","The integration of microfibrillated cellulose with hydroxyapatite enhances eco-friendliness by utilizing renewable, biodegradable cellulose fibers that improve the composite's mechanical strength and bioactivity. This combination mimics the natural bone extracellular matrix more closely than traditional synthetic composites, promoting better cell adhesion and tissue regeneration. Additionally, it reduces reliance on non-renewable, potentially toxic synthetic polymers, leading to more sustainable bone tissue engineering materials.","The integration of microfibrillated cellulose with hydroxyapatite enables a one-pot hybridization route to create eco-friendly mechanical materials, offering precise compositional control and preserved structural integrity. This approach contrasts with traditional synthetic composites by utilizing natural polysaccharide fibers, which enhance sustainability while maintaining mechanical performance suitable for bone tissue engineering. Thus, it provides a versatile and environmentally friendly alternative to conventional synthetic hydroxyapatite composites.",D8_C054;D8_C074;D8_C066;D8_C037,D8_C074
OQ0028,What are the comparative advantages of using mussel shell-derived biogenic hydroxyapatite over conventional hydroxyapatite in chitosan-based antibiotic composite microspheres for bone regeneration and antibacterial activity?,unanswerable,ceramic,unseen,D8,medium,The context does not provide specific comparative data on the advantages of mussel shell-derived biogenic hydroxyapatite over conventional hydroxyapatite in chitosan-based antibiotic composites.,"While the context mentions the use of mussel shell-derived hydroxyapatite in chitosan composites for antibacterial and bone regeneration applications, it lacks direct comparisons to conventional hydroxyapatite or detailed advantages.",Unknown,Unknown,D8_C075;D8_C074;D8_C068;D8_C038,D8_C074
OQ0029,"How do the biodegradation rates of PHAs compare to PLA and PEF under typical environmental conditions, and what implications might these differences have for selecting materials in biodegradable packaging applications?",reasoning,polymer,unseen,D2,medium,"PHAs degrade faster than PLA, making them more suitable for applications requiring rapid biodegradation, while PEF biodegrades faster than PET only under specific industrial composting conditions but is generally as durable as PET otherwise.","The context indicates PHAs decay faster than PLA, which supports their appeal for biodegradation-needing applications; PEF's biodegradation is faster than PET only under industrial composting but otherwise similar in durability, implying material choice depends on expected disposal conditions.","PHAs generally biodegrade faster than PLA and PEF under typical environmental conditions due to their microbial enzymatic degradation pathways. This faster degradation makes PHAs more suitable for applications requiring rapid environmental breakdown, while PLA and PEF may be preferred for longer-lasting packaging. Therefore, material selection depends on the desired balance between durability and biodegradability in packaging applications.","PHAs biodegrade faster than PLA under typical environmental conditions, with up to 85% degradation in terrestrial environments within seven weeks, while PLA degrades more slowly. PEF biodegrades faster than PET under industrial composting within nine months but is otherwise similarly durable with less biodegradation. These differences imply that PHAs are more suitable for applications requiring rapid biodegradation, whereas PLA and PEF may be preferred for longer-term storage packaging.",D2_C794;D2_C446;D2_C132;D2_C195,D2_C794
OQ0030,What are the comparative advantages and limitations of PEF relative to PET in terms of thermal sensitivity and mechanical properties for long-term storage packaging?,comparison,polymer,unseen,D2,medium,"PEF has higher glass transition temperature, better gas diffusion barrier, and greater tensile strength than PET, favoring long-term storage, but it is more thermally sensitive and requires more careful processing.","The context states PEF’s semi-aromatic structure enhances thermal and mechanical properties beneficial for packaging, while also noting increased thermal sensitivity compared to PET, highlighting a trade-off in processing complexity.","PEF generally exhibits higher thermal sensitivity than PET, limiting its use at elevated temperatures but offering better barrier properties. Mechanically, PEF tends to have higher stiffness and strength but lower elongation at break compared to PET, which may affect its durability under mechanical stress in long-term storage. Thus, PEF is advantageous for improved barrier performance but may require careful consideration of thermal and mechanical conditions relative to PET.","PEF has a higher glass transition temperature and tensile strength than PET, which benefits long-term storage packaging. However, PEF is more thermally sensitive and requires more careful processing compared to PET. Both polymers are regarded as equally durable, but PEF biodegrades faster under industrial composting conditions.",D2_C795;D2_C794;D2_C642;D1_C142,D2_C794
